order_id,order_date,customer_id,customer_email,product_name,quantity,amount
O-0001,2025-10-08,C011,customer011@example.com,ドリップバッグ30個入,1,2500
O-0002,2025-10-15,C003,customer003@example.com,定期便Mサイズ(200g×2),1,5000
O-0003,2025-10-20,C012,customer012@example.com,お試しセット(50g×3種),1,2000
O-0004,2025-11-01,C010,customer010@example.com,定期便Sサイズ(200g×1),1,3000
O-0005,2025-11-08,C011,customer011@example.com,ドリップバッグ30個入,1,2500
O-0006,2025-11-20,C003,customer003@example.com,ギフトセット,2,12000
O-0007,2025-12-08,C011,customer011@example.com,ドリップバッグ30個入,1,2500
O-0008,2025-12-18,C003,customer003@example.com,ギフトセット,2,12000
O-0009,2025-12-30,C007,customer007@example.com,定期便Sサイズ(200g×1),1,3000
O-0010,2026-01-10,C009,customer009@example.com,お試しセット(50g×3種),1,2000
O-0011,2026-01-15,C003,customer003@example.com,定期便Mサイズ(200g×2),1,5000
O-0012,2026-01-20,C012,customer012@example.com,定期便Mサイズ(200g×2),1,5000
O-0013,2026-02-05,C001,customer001@example.com,定期便Mサイズ(200g×2),1,5000
O-0014,2026-02-14,C015,customer015@example.com,ギフトセット,1,6000
O-0015,2026-03-05,C001,customer001@example.com,定期便Mサイズ(200g×2),1,5000
O-0016,2026-03-08,C004,customer004@example.com,定期便Mサイズ(200g×2),1,5000
O-0017,2026-03-29,C010,customer010@example.com,定期便Sサイズ(200g×1),1,3000
O-0018,2026-03-30,C007,customer007@example.com,定期便Sサイズ(200g×1),1,3000
O-0019,2026-04-05,C001,customer001@example.com,定期便Mサイズ(200g×2),1,5000
O-0020,2026-04-08,C004,customer004@example.com,定期便Mサイズ(200g×2),1,5000
O-0021,2026-04-10,C002,customer002@example.com,定期便Mサイズ(200g×2),1,5000
O-0022,2026-05-03,C006,customer006@example.com,ドリップバッグ30個入,1,2500
O-0023,2026-05-05,C001,customer001@example.com,定期便Mサイズ(200g×2),1,5000
O-0024,2026-05-08,C004,customer004@example.com,定期便Mサイズ(200g×2),1,5000
O-0025,2026-05-10,C002,customer002@example.com,定期便Mサイズ(200g×2),1,5000
O-0026,2026-06-05,C001,customer001@example.com,定期便Mサイズ(200g×2),1,5000
O-0027,2026-06-08,C004,customer004@example.com,定期便Mサイズ(200g×2),1,5000
O-0028,2026-06-10,C002,customer002@example.com,定期便Mサイズ(200g×2),1,5000
O-0029,2026-06-12,C005,customer005@example.com,定期便Sサイズ(200g×1),1,3000
O-0030,2026-07-03,C006,customer006@example.com,ドリップバッグ30個入,1,2500
O-0031,2026-07-05,C001,customer001@example.com,定期便Mサイズ(200g×2),1,5000
O-0032,2026-07-08,C004,customer004@example.com,定期便Mサイズ(200g×2),1,5000
O-0033,2026-07-10,C002,customer002@example.com,定期便Mサイズ(200g×2),1,5000
O-0034,2026-08-05,C001,customer001@example.com,定期便Mサイズ(200g×2),1,5000
O-0035,2026-08-08,C004,customer004@example.com,ドリップバッグ30個入,1,2500
O-0036,2026-08-10,C002,customer002@example.com,定期便Mサイズ(200g×2),1,5000
O-0037,2026-08-12,C005,customer005@example.com,定期便Sサイズ(200g×1),1,3000
O-0038,2026-08-30,C016,customer016@example.com,ギフトセット,6,36000
O-0039,2026-09-01,C008,customer008@example.com,ギフトセット,1,6000
O-0040,2026-09-03,C006,customer006@example.com,定期便Mサイズ(200g×2),1,5000
O-0041,2026-09-05,C001,customer001@example.com,定期便Mサイズ(200g×2),1,5000
O-0042,2026-09-08,C004,customer004@example.com,お試しセット(50g×3種),1,2000
O-0043,2026-09-10,C002,customer002@example.com,定期便Mサイズ(200g×2),1,5000
O-0044,2026-09-15,C013,customer013@example.com,お試しセット(50g×3種),1,2000
O-0045,2026-09-17,C014,customer014@example.com,定期便Sサイズ(200g×1),1,3000
O-0046,2026-09-18,C009,customer009@example.com,定期便Sサイズ(200g×1),1,3000
O-0047,2026-09-19,C017,customer017@example.com,ドリップバッグ30個入,1,2500
O-0048,2026-09-20,C008,customer008@example.com,ギフトセット,1,6000
